m4mini	source	/tmp/mocha-mini-mirror/Users/davidcruwys/dev/clients/supportsignal/app.supportsignal.com.au/.mochaccino	new-incident-poc-stepper	/tmp/mocha-mini-mirror/Users/davidcruwys/dev/clients/supportsignal/app.supportsignal.com.au/.mochaccino/designs/new-incident-poc-stepper/index.html	1776163194	Mochaccino — new-incident-poc-stepper 
m4mini	source	/tmp/mocha-mini-mirror/Users/davidcruwys/dev/clients/supportsignal/app.supportsignal.com.au/.mochaccino	new-incident-04-conversational	/tmp/mocha-mini-mirror/Users/davidcruwys/dev/clients/supportsignal/app.supportsignal.com.au/.mochaccino/designs/new-incident-04-conversational/index.html	1776134024	Mochaccino — new-incident-04-conversational — 2026-04-14 
m4mini	source	/tmp/mocha-mini-mirror/Users/davidcruwys/dev/clients/supportsignal/app.supportsignal.com.au/.mochaccino	participant-risk-matrix	/tmp/mocha-mini-mirror/Users/davidcruwys/dev/clients/supportsignal/app.supportsignal.com.au/.mochaccino/designs/participant-risk-matrix/index.html	1774685228	Risk Assessment — Priya Sharma 
m4mini	source	/tmp/mocha-mini-mirror/Users/davidcruwys/dev/clients/supportsignal/app.supportsignal.com.au/.mochaccino	participant-health-overview	/tmp/mocha-mini-mirror/Users/davidcruwys/dev/clients/supportsignal/app.supportsignal.com.au/.mochaccino/designs/participant-health-overview/index.html	1774685203	Health Conditions — Priya Sharma 
m4mini	source	/tmp/mocha-mini-mirror/Users/davidcruwys/dev/clients/supportsignal/app.supportsignal.com.au/.mochaccino	new-incident-05-checkpoint-ceremony	/tmp/mocha-mini-mirror/Users/davidcruwys/dev/clients/supportsignal/app.supportsignal.com.au/.mochaccino/designs/new-incident-05-checkpoint-ceremony/index.html	1776135578	Mochaccino — new-incident-05-checkpoint-ceremony — 2026-04-14 
m4mini	source	/tmp/mocha-mini-mirror/Users/davidcruwys/dev/clients/supportsignal/app.supportsignal.com.au/.mochaccino	new-incident-02-single-scroll-document	/tmp/mocha-mini-mirror/Users/davidcruwys/dev/clients/supportsignal/app.supportsignal.com.au/.mochaccino/designs/new-incident-02-single-scroll-document/index.html	1776135522	Mochaccino — new-incident-02-single-scroll-document — 2026-04-14 
m4mini	source	/tmp/mocha-mini-mirror/Users/davidcruwys/dev/clients/supportsignal/app.supportsignal.com.au/.mochaccino	new-incident-09-dense-power-user	/tmp/mocha-mini-mirror/Users/davidcruwys/dev/clients/supportsignal/app.supportsignal.com.au/.mochaccino/designs/new-incident-09-dense-power-user/index.html	1776135615	Mochaccino — new-incident-09-dense-power-user — 2026-04-14 
m4mini	source	/tmp/mocha-mini-mirror/Users/davidcruwys/dev/clients/supportsignal/app.supportsignal.com.au/.mochaccino	participant-analytics	/tmp/mocha-mini-mirror/Users/davidcruwys/dev/clients/supportsignal/app.supportsignal.com.au/.mochaccino/designs/participant-analytics/index.html	1774685290	Participant Analytics — Sunshine Disability Services 
m4mini	source	/tmp/mocha-mini-mirror/Users/davidcruwys/dev/clients/supportsignal/app.supportsignal.com.au/.mochaccino	participant-support-goals	/tmp/mocha-mini-mirror/Users/davidcruwys/dev/clients/supportsignal/app.supportsignal.com.au/.mochaccino/designs/participant-support-goals/index.html	1774685238	Support Goals — Priya Sharma 
m4mini	source	/tmp/mocha-mini-mirror/Users/davidcruwys/dev/clients/supportsignal/app.supportsignal.com.au/.mochaccino	participant-restrictive-practices	/tmp/mocha-mini-mirror/Users/davidcruwys/dev/clients/supportsignal/app.supportsignal.com.au/.mochaccino/designs/participant-restrictive-practices/index.html	1774685240	Restrictive Practices — Priya Sharma 
m4mini	source	/tmp/mocha-mini-mirror/Users/davidcruwys/dev/clients/supportsignal/app.supportsignal.com.au/.mochaccino	participant-onboarding	/tmp/mocha-mini-mirror/Users/davidcruwys/dev/clients/supportsignal/app.supportsignal.com.au/.mochaccino/designs/participant-onboarding/index.html	1774685301	Participant Onboarding — Mochaccino 
m4mini	source	/tmp/mocha-mini-mirror/Users/davidcruwys/dev/clients/supportsignal/app.supportsignal.com.au/.mochaccino	participant-profile	/tmp/mocha-mini-mirror/Users/davidcruwys/dev/clients/supportsignal/app.supportsignal.com.au/.mochaccino/designs/participant-profile/index.html	1774685183	Participant Profile — Priya Sharma 
m4mini	source	/tmp/mocha-mini-mirror/Users/davidcruwys/dev/clients/supportsignal/app.supportsignal.com.au/.mochaccino	components/final-document-summary	/tmp/mocha-mini-mirror/Users/davidcruwys/dev/clients/supportsignal/app.supportsignal.com.au/.mochaccino/designs/components/final-document-summary/index.html	1776139915	Component · Final document summary 
m4mini	source	/tmp/mocha-mini-mirror/Users/davidcruwys/dev/clients/supportsignal/app.supportsignal.com.au/.mochaccino	components/timeline-canvas-zones	/tmp/mocha-mini-mirror/Users/davidcruwys/dev/clients/supportsignal/app.supportsignal.com.au/.mochaccino/designs/components/timeline-canvas-zones/index.html	1776139829	Component · Timeline canvas zones 
m4mini	source	/tmp/mocha-mini-mirror/Users/davidcruwys/dev/clients/supportsignal/app.supportsignal.com.au/.mochaccino	components/split-pane-layout	/tmp/mocha-mini-mirror/Users/davidcruwys/dev/clients/supportsignal/app.supportsignal.com.au/.mochaccino/designs/components/split-pane-layout/index.html	1776139870	Component · Split-pane layout 
m4mini	source	/tmp/mocha-mini-mirror/Users/davidcruwys/dev/clients/supportsignal/app.supportsignal.com.au/.mochaccino	components/sign-off-document	/tmp/mocha-mini-mirror/Users/davidcruwys/dev/clients/supportsignal/app.supportsignal.com.au/.mochaccino/designs/components/sign-off-document/index.html	1776139805	Component · Sign-off document 
m4mini	source	/tmp/mocha-mini-mirror/Users/davidcruwys/dev/clients/supportsignal/app.supportsignal.com.au/.mochaccino	components/participant-context-strip	/tmp/mocha-mini-mirror/Users/davidcruwys/dev/clients/supportsignal/app.supportsignal.com.au/.mochaccino/designs/components/participant-context-strip/index.html	1776162035	Component · Participant context strip 
m4mini	source	/tmp/mocha-mini-mirror/Users/davidcruwys/dev/clients/supportsignal/app.supportsignal.com.au/.mochaccino	components/live-pipeline-sidebar	/tmp/mocha-mini-mirror/Users/davidcruwys/dev/clients/supportsignal/app.supportsignal.com.au/.mochaccino/designs/components/live-pipeline-sidebar/index.html	1776139735	Component · Live pipeline sidebar 
m4mini	source	/tmp/mocha-mini-mirror/Users/davidcruwys/dev/clients/supportsignal/app.supportsignal.com.au/.mochaccino	components/narrative-four-grid-modal	/tmp/mocha-mini-mirror/Users/davidcruwys/dev/clients/supportsignal/app.supportsignal.com.au/.mochaccino/designs/components/narrative-four-grid-modal/index.html	1776145362	Component · Narrative four-grid (modal view) 
m4mini	source	/tmp/mocha-mini-mirror/Users/davidcruwys/dev/clients/supportsignal/app.supportsignal.com.au/.mochaccino	components/analysis-row-table	/tmp/mocha-mini-mirror/Users/davidcruwys/dev/clients/supportsignal/app.supportsignal.com.au/.mochaccino/designs/components/analysis-row-table/index.html	1776139772	Component · Analysis row table 
m4mini	source	/tmp/mocha-mini-mirror/Users/davidcruwys/dev/clients/supportsignal/app.supportsignal.com.au/.mochaccino	components/narrative-four-grid-expand	/tmp/mocha-mini-mirror/Users/davidcruwys/dev/clients/supportsignal/app.supportsignal.com.au/.mochaccino/designs/components/narrative-four-grid-expand/index.html	1776145377	Component · Narrative four-grid (expand view) 
m4mini	source	/tmp/mocha-mini-mirror/Users/davidcruwys/dev/clients/supportsignal/app.supportsignal.com.au/.mochaccino	components/compact-workflow-progress	/tmp/mocha-mini-mirror/Users/davidcruwys/dev/clients/supportsignal/app.supportsignal.com.au/.mochaccino/designs/components/compact-workflow-progress/index.html	1776139711	Component · Compact workflow progress 
m4mini	source	/tmp/mocha-mini-mirror/Users/davidcruwys/dev/clients/supportsignal/app.supportsignal.com.au/.mochaccino	new-incident-10-narrative-spine	/tmp/mocha-mini-mirror/Users/davidcruwys/dev/clients/supportsignal/app.supportsignal.com.au/.mochaccino/designs/new-incident-10-narrative-spine/index.html	1776136669	Mochaccino — new-incident-10-narrative-spine 
m4mini	source	/tmp/mocha-mini-mirror/Users/davidcruwys/dev/clients/supportsignal/app.supportsignal.com.au/.mochaccino	new-incident-01-classic-stepper	/tmp/mocha-mini-mirror/Users/davidcruwys/dev/clients/supportsignal/app.supportsignal.com.au/.mochaccino/designs/new-incident-01-classic-stepper/index.html	1776138804	Mochaccino — new-incident-01-classic-stepper 
m4mini	source	/tmp/mocha-mini-mirror/Users/davidcruwys/dev/clients/supportsignal/app.supportsignal.com.au/.mochaccino	new-incident-07-focus-mode	/tmp/mocha-mini-mirror/Users/davidcruwys/dev/clients/supportsignal/app.supportsignal.com.au/.mochaccino/designs/new-incident-07-focus-mode/index.html	1776136831	Mochaccino — new-incident-07-focus-mode — 2026-04-14 
m4mini	source	/tmp/mocha-mini-mirror/Users/davidcruwys/dev/clients/supportsignal/app.supportsignal.com.au/.mochaccino	participant-contacts-network	/tmp/mocha-mini-mirror/Users/davidcruwys/dev/clients/supportsignal/app.supportsignal.com.au/.mochaccino/designs/participant-contacts-network/index.html	1774685251	Contacts &amp; Notifications — Priya Sharma 
m4mini	source	/tmp/mocha-mini-mirror/Users/davidcruwys/dev/clients/supportsignal/app.supportsignal.com.au/.mochaccino	new-incident-03-split-pane	/tmp/mocha-mini-mirror/Users/davidcruwys/dev/clients/supportsignal/app.supportsignal.com.au/.mochaccino/designs/new-incident-03-split-pane/index.html	1776135570	Mochaccino — new-incident-03-split-pane — 2026-04-14 
m4mini	source	/tmp/mocha-mini-mirror/Users/davidcruwys/dev/clients/supportsignal/app.supportsignal.com.au/.mochaccino	new-incident-06-live-pipeline	/tmp/mocha-mini-mirror/Users/davidcruwys/dev/clients/supportsignal/app.supportsignal.com.au/.mochaccino/designs/new-incident-06-live-pipeline/index.html	1776135496	Mochaccino — new-incident-06-live-pipeline — 2026-04-14 
m4mini	source	/tmp/mocha-mini-mirror/Users/davidcruwys/dev/clients/supportsignal/app.supportsignal.com.au/.mochaccino	participant-directory	/tmp/mocha-mini-mirror/Users/davidcruwys/dev/clients/supportsignal/app.supportsignal.com.au/.mochaccino/designs/participant-directory/index.html	1774685161	Participant Directory — SupportSignal 
m4mini	source	/tmp/mocha-mini-mirror/Users/davidcruwys/dev/clients/supportsignal/app.supportsignal.com.au/.mochaccino	new-incident-08-timeline-canvas	/tmp/mocha-mini-mirror/Users/davidcruwys/dev/clients/supportsignal/app.supportsignal.com.au/.mochaccino/designs/new-incident-08-timeline-canvas/index.html	1776136735	Mochaccino — new-incident-08-timeline-canvas — 2026-04-14 
m4mini	source	/tmp/mocha-mini-mirror/Users/davidcruwys/dev/clients/supportsignal/app.supportsignal.com.au/.mochaccino	participant-ews-dashboard	/tmp/mocha-mini-mirror/Users/davidcruwys/dev/clients/supportsignal/app.supportsignal.com.au/.mochaccino/designs/participant-ews-dashboard/index.html	1774685169	EWS Dashboard — Priya Sharma 
m4mini	source	/tmp/mocha-mini-mirror/Users/davidcruwys/dev/raw-intake/omi/.mochaccino	03-entity-web	/tmp/mocha-mini-mirror/Users/davidcruwys/dev/raw-intake/omi/.mochaccino/designs/03-entity-web/index.html	1777359218	Entity Web — AppyDave 
m4mini	source	/tmp/mocha-mini-mirror/Users/davidcruwys/dev/raw-intake/omi/.mochaccino	01-signal-timeline	/tmp/mocha-mini-mirror/Users/davidcruwys/dev/raw-intake/omi/.mochaccino/designs/01-signal-timeline/index.html	1777359100	OMI Signal Timeline — AppyDave 
m4mini	source	/tmp/mocha-mini-mirror/Users/davidcruwys/dev/raw-intake/omi/.mochaccino	02-brain-cooccurrence	/tmp/mocha-mini-mirror/Users/davidcruwys/dev/raw-intake/omi/.mochaccino/designs/02-brain-cooccurrence/index.html	1777359162	Brain Co-occurrence — AppyDave 
m4mini	source	/tmp/mocha-mini-mirror/Users/davidcruwys/dev/ad/brains/ruflo/.mochaccino	06-swarm-topologies	/tmp/mocha-mini-mirror/Users/davidcruwys/dev/ad/brains/ruflo/.mochaccino/designs/06-swarm-topologies/index.html	1778037827	06 — Swarm Topologies 
m4mini	source	/tmp/mocha-mini-mirror/Users/davidcruwys/dev/ad/brains/ruflo/.mochaccino	09-phase-3-bridge-webview	/tmp/mocha-mini-mirror/Users/davidcruwys/dev/ad/brains/ruflo/.mochaccino/designs/09-phase-3-bridge-webview/index.html	1778037827	09 — Phase 3 Bridge + Webview 
m4mini	source	/tmp/mocha-mini-mirror/Users/davidcruwys/dev/ad/brains/ruflo/.mochaccino	05-five-operations	/tmp/mocha-mini-mirror/Users/davidcruwys/dev/ad/brains/ruflo/.mochaccino/designs/05-five-operations/index.html	1778037827	05 — The Six Operations 
m4mini	source	/tmp/mocha-mini-mirror/Users/davidcruwys/dev/ad/brains/ruflo/.mochaccino	02-two-operating-modes	/tmp/mocha-mini-mirror/Users/davidcruwys/dev/ad/brains/ruflo/.mochaccino/designs/02-two-operating-modes/index.html	1778037827	02 — Two Operating Modes 
m4mini	source	/tmp/mocha-mini-mirror/Users/davidcruwys/dev/ad/brains/ruflo/.mochaccino	03-topology-comparison	/tmp/mocha-mini-mirror/Users/davidcruwys/dev/ad/brains/ruflo/.mochaccino/designs/03-topology-comparison/index.html	1778037827	03 — Topology Comparison 
m4mini	source	/tmp/mocha-mini-mirror/Users/davidcruwys/dev/ad/brains/ruflo/.mochaccino	01-what-ruflo-is	/tmp/mocha-mini-mirror/Users/davidcruwys/dev/ad/brains/ruflo/.mochaccino/designs/01-what-ruflo-is/index.html	1778037827	01 — What Ruflo Actually Is 
m4mini	source	/tmp/mocha-mini-mirror/Users/davidcruwys/dev/ad/brains/ruflo/.mochaccino	04-marketing-vs-reality	/tmp/mocha-mini-mirror/Users/davidcruwys/dev/ad/brains/ruflo/.mochaccino/designs/04-marketing-vs-reality/index.html	1778037827	04 — Marketing vs Reality 
m4mini	source	/tmp/mocha-mini-mirror/Users/davidcruwys/dev/ad/brains/ruflo/.mochaccino	07-phase-1-agent-roster	/tmp/mocha-mini-mirror/Users/davidcruwys/dev/ad/brains/ruflo/.mochaccino/designs/07-phase-1-agent-roster/index.html	1778037827	07 — Phase 1 Agent Roster 
m4mini	source	/tmp/mocha-mini-mirror/Users/davidcruwys/dev/ad/brains/ruflo/.mochaccino	10-swarm-playbook	/tmp/mocha-mini-mirror/Users/davidcruwys/dev/ad/brains/ruflo/.mochaccino/designs/10-swarm-playbook/index.html	1778037827	10 — Swarm Playbook 
m4mini	source	/tmp/mocha-mini-mirror/Users/davidcruwys/dev/ad/brains/ruflo/.mochaccino	08-phase-2-fanout	/tmp/mocha-mini-mirror/Users/davidcruwys/dev/ad/brains/ruflo/.mochaccino/designs/08-phase-2-fanout/index.html	1778037827	08 — Phase 2 Fan-out 
m4mini	source	/tmp/mocha-mini-mirror/Users/davidcruwys/dev/ad/brains/agentic-os/.mochaccino	03-data-flow	/tmp/mocha-mini-mirror/Users/davidcruwys/dev/ad/brains/agentic-os/.mochaccino/designs/03-data-flow/index.html	1777080610	Mochaccino — Data Flow — 2026-04-24 
m4mini	source	/tmp/mocha-mini-mirror/Users/davidcruwys/dev/ad/brains/agentic-os/.mochaccino	04-agent-orchestration	/tmp/mocha-mini-mirror/Users/davidcruwys/dev/ad/brains/agentic-os/.mochaccino/designs/04-agent-orchestration/index.html	1777425301	Mochaccino — Agent Orchestration — 2026-04-27 
m4mini	source	/tmp/mocha-mini-mirror/Users/davidcruwys/dev/ad/brains/agentic-os/.mochaccino	02-node-topology	/tmp/mocha-mini-mirror/Users/davidcruwys/dev/ad/brains/agentic-os/.mochaccino/designs/02-node-topology/index.html	1777080610	Mochaccino — Node Topology — 2026-04-24 
m4mini	source	/tmp/mocha-mini-mirror/Users/davidcruwys/dev/ad/brains/agentic-os/.mochaccino	01-layer-stack	/tmp/mocha-mini-mirror/Users/davidcruwys/dev/ad/brains/agentic-os/.mochaccino/designs/01-layer-stack/index.html	1777080610	Mochaccino — Layer Stack — 2026-04-24 
m4mini	source	/tmp/mocha-mini-mirror/Users/davidcruwys/dev/ad/brains/agentic-os/.mochaccino	05-application-typology	/tmp/mocha-mini-mirror/Users/davidcruwys/dev/ad/brains/agentic-os/.mochaccino/designs/05-application-typology/index.html	1777080610	Mochaccino — Application Typology — 2026-04-24 
m4mini	source	/tmp/mocha-mini-mirror/Users/davidcruwys/dev/ad/flivideo/flilaunch/.mochaccino	06-prompts	/tmp/mocha-mini-mirror/Users/davidcruwys/dev/ad/flivideo/flilaunch/.mochaccino/designs/06-prompts/index.html	1778381442	Prompts &amp; Techniques 
m4mini	source	/tmp/mocha-mini-mirror/Users/davidcruwys/dev/ad/flivideo/flilaunch/.mochaccino	02-als-runbook	/tmp/mocha-mini-mirror/Users/davidcruwys/dev/ad/flivideo/flilaunch/.mochaccino/designs/02-als-runbook/index.html	1778376303	ALS Operator Runbook 
m4mini	source	/tmp/mocha-mini-mirror/Users/davidcruwys/dev/ad/flivideo/flilaunch/.mochaccino	05-workflows	/tmp/mocha-mini-mirror/Users/davidcruwys/dev/ad/flivideo/flilaunch/.mochaccino/designs/05-workflows/index.html	1778381472	Workflows & BI Sources 
m4mini	source	/tmp/mocha-mini-mirror/Users/davidcruwys/dev/ad/flivideo/flilaunch/.mochaccino	01-als-learnings	/tmp/mocha-mini-mirror/Users/davidcruwys/dev/ad/flivideo/flilaunch/.mochaccino/designs/01-als-learnings/index.html	1778376258	ALS Learnings Catalog 
m4mini	source	/tmp/mocha-mini-mirror/Users/davidcruwys/dev/ad/flivideo/flilaunch/.mochaccino	03-als-module-state	/tmp/mocha-mini-mirror/Users/davidcruwys/dev/ad/flivideo/flilaunch/.mochaccino/designs/03-als-module-state/index.html	1778376347	fli-launch Module State 
m4mini	source	/tmp/mocha-mini-mirror/Users/davidcruwys/dev/ad/flivideo/flilaunch/.mochaccino	04-als-primitives	/tmp/mocha-mini-mirror/Users/davidcruwys/dev/ad/flivideo/flilaunch/.mochaccino/designs/04-als-primitives/index.html	1778376390	ALS Primitives Reference 
m4mini	source	/tmp/mocha-mini-mirror/Users/davidcruwys/dev/ad/flivideo/flihub-storage-panel/.mochaccino	project-list-02-kanban-pipeline	/tmp/mocha-mini-mirror/Users/davidcruwys/dev/ad/flivideo/flihub-storage-panel/.mochaccino/designs/project-list-02-kanban-pipeline/index.html	1776164955	Project List — Kanban Pipeline Board 
m4mini	source	/tmp/mocha-mini-mirror/Users/davidcruwys/dev/ad/flivideo/flihub-storage-panel/.mochaccino	project-list-06-split-focus	/tmp/mocha-mini-mirror/Users/davidcruwys/dev/ad/flivideo/flihub-storage-panel/.mochaccino/designs/project-list-06-split-focus/index.html	1776164955	Mochaccino — project-list-06-split-focus 
m4mini	source	/tmp/mocha-mini-mirror/Users/davidcruwys/dev/ad/flivideo/flihub-storage-panel/.mochaccino	chapter-separator	/tmp/mocha-mini-mirror/Users/davidcruwys/dev/ad/flivideo/flihub-storage-panel/.mochaccino/designs/chapter-separator/index.html	1776164955	Mochaccino — Chapter Separator Redesign 
m4mini	source	/tmp/mocha-mini-mirror/Users/davidcruwys/dev/ad/flivideo/flihub-storage-panel/.mochaccino	sync-hub-v2	/tmp/mocha-mini-mirror/Users/davidcruwys/dev/ad/flivideo/flihub-storage-panel/.mochaccino/designs/sync-hub-v2/index.html	1776164955	Mochaccino — sync-hub-v2 
m4mini	source	/tmp/mocha-mini-mirror/Users/davidcruwys/dev/ad/flivideo/flihub-storage-panel/.mochaccino	relay-redesign	/tmp/mocha-mini-mirror/Users/davidcruwys/dev/ad/flivideo/flihub-storage-panel/.mochaccino/designs/relay-redesign/index.html	1776164955	Relay Redesign v3 — FliHub Mochaccino 
m4mini	source	/tmp/mocha-mini-mirror/Users/davidcruwys/dev/ad/flivideo/flihub-storage-panel/.mochaccino	recording-editor	/tmp/mocha-mini-mirror/Users/davidcruwys/dev/ad/flivideo/flihub-storage-panel/.mochaccino/designs/recording-editor/index.html	1776164955	Recording Editor — Inline Rename & Renumber 
m4mini	source	/tmp/mocha-mini-mirror/Users/davidcruwys/dev/ad/flivideo/flihub-storage-panel/.mochaccino	project-list-c-table-kanban	/tmp/mocha-mini-mirror/Users/davidcruwys/dev/ad/flivideo/flihub-storage-panel/.mochaccino/designs/project-list-c-table-kanban/index.html	1776164955	Mochaccino — project-list-c-table-kanban 
m4mini	source	/tmp/mocha-mini-mirror/Users/davidcruwys/dev/ad/flivideo/flihub-storage-panel/.mochaccino	project-list-d-table-inline	/tmp/mocha-mini-mirror/Users/davidcruwys/dev/ad/flivideo/flihub-storage-panel/.mochaccino/designs/project-list-d-table-inline/index.html	1776164955	Mochaccino — project-list-d-table-inline 
m4mini	source	/tmp/mocha-mini-mirror/Users/davidcruwys/dev/ad/flivideo/flihub-storage-panel/.mochaccino	project-list-10-hybrid-table-drawer	/tmp/mocha-mini-mirror/Users/davidcruwys/dev/ad/flivideo/flihub-storage-panel/.mochaccino/designs/project-list-10-hybrid-table-drawer/index.html	1776164955	Mochaccino — project-list-10-hybrid-table-drawer 
m4mini	source	/tmp/mocha-mini-mirror/Users/davidcruwys/dev/ad/flivideo/flihub-storage-panel/.mochaccino	project-list-01-filterable-table	/tmp/mocha-mini-mirror/Users/davidcruwys/dev/ad/flivideo/flihub-storage-panel/.mochaccino/designs/project-list-01-filterable-table/index.html	1776164955	Project List — Filterable Table 
m4mini	source	/tmp/mocha-mini-mirror/Users/davidcruwys/dev/ad/flivideo/flihub-storage-panel/.mochaccino	project-list-b-table-hover	/tmp/mocha-mini-mirror/Users/davidcruwys/dev/ad/flivideo/flihub-storage-panel/.mochaccino/designs/project-list-b-table-hover/index.html	1776164955	Project List — Table + Hover Card 
m4mini	source	/tmp/mocha-mini-mirror/Users/davidcruwys/dev/ad/flivideo/flihub-storage-panel/.mochaccino	sync-hub	/tmp/mocha-mini-mirror/Users/davidcruwys/dev/ad/flivideo/flihub-storage-panel/.mochaccino/designs/sync-hub/index.html	1776164955	Sync Hub — B044 Mockup 
m4mini	source	/tmp/mocha-mini-mirror/Users/davidcruwys/dev/ad/flivideo/flihub-storage-panel/.mochaccino	project-list-a-table-drawer	/tmp/mocha-mini-mirror/Users/davidcruwys/dev/ad/flivideo/flihub-storage-panel/.mochaccino/designs/project-list-a-table-drawer/index.html	1776164955	Mochaccino — project-list-a-table-drawer 
m4mini	source	/tmp/mocha-mini-mirror/Users/davidcruwys/dev/ad/flivideo/flihub/.mochaccino	project-list-02-kanban-pipeline	/tmp/mocha-mini-mirror/Users/davidcruwys/dev/ad/flivideo/flihub/.mochaccino/designs/project-list-02-kanban-pipeline/index.html	1774449382	Project List — Kanban Pipeline Board 
m4mini	source	/tmp/mocha-mini-mirror/Users/davidcruwys/dev/ad/flivideo/flihub/.mochaccino	project-list-06-split-focus	/tmp/mocha-mini-mirror/Users/davidcruwys/dev/ad/flivideo/flihub/.mochaccino/designs/project-list-06-split-focus/index.html	1774449450	Mochaccino — project-list-06-split-focus 
m4mini	source	/tmp/mocha-mini-mirror/Users/davidcruwys/dev/ad/flivideo/flihub/.mochaccino	chapter-separator	/tmp/mocha-mini-mirror/Users/davidcruwys/dev/ad/flivideo/flihub/.mochaccino/designs/chapter-separator/index.html	1774334369	Mochaccino — Chapter Separator Redesign 
m4mini	source	/tmp/mocha-mini-mirror/Users/davidcruwys/dev/ad/flivideo/flihub/.mochaccino	sync-hub-v2	/tmp/mocha-mini-mirror/Users/davidcruwys/dev/ad/flivideo/flihub/.mochaccino/designs/sync-hub-v2/index.html	1774337703	Mochaccino — sync-hub-v2 
m4mini	source	/tmp/mocha-mini-mirror/Users/davidcruwys/dev/ad/flivideo/flihub/.mochaccino	relay-redesign	/tmp/mocha-mini-mirror/Users/davidcruwys/dev/ad/flivideo/flihub/.mochaccino/designs/relay-redesign/index.html	1774250874	Relay Redesign v3 — FliHub Mochaccino 
m4mini	source	/tmp/mocha-mini-mirror/Users/davidcruwys/dev/ad/flivideo/flihub/.mochaccino	recording-editor	/tmp/mocha-mini-mirror/Users/davidcruwys/dev/ad/flivideo/flihub/.mochaccino/designs/recording-editor/index.html	1774273503	Recording Editor — Inline Rename & Renumber 
m4mini	source	/tmp/mocha-mini-mirror/Users/davidcruwys/dev/ad/flivideo/flihub/.mochaccino	project-list-c-table-kanban	/tmp/mocha-mini-mirror/Users/davidcruwys/dev/ad/flivideo/flihub/.mochaccino/designs/project-list-c-table-kanban/index.html	1774450719	Mochaccino — project-list-c-table-kanban 
m4mini	source	/tmp/mocha-mini-mirror/Users/davidcruwys/dev/ad/flivideo/flihub/.mochaccino	project-list-d-table-inline	/tmp/mocha-mini-mirror/Users/davidcruwys/dev/ad/flivideo/flihub/.mochaccino/designs/project-list-d-table-inline/index.html	1774450699	Mochaccino — project-list-d-table-inline 
m4mini	source	/tmp/mocha-mini-mirror/Users/davidcruwys/dev/ad/flivideo/flihub/.mochaccino	project-list-10-hybrid-table-drawer	/tmp/mocha-mini-mirror/Users/davidcruwys/dev/ad/flivideo/flihub/.mochaccino/designs/project-list-10-hybrid-table-drawer/index.html	1774449518	Mochaccino — project-list-10-hybrid-table-drawer 
m4mini	source	/tmp/mocha-mini-mirror/Users/davidcruwys/dev/ad/flivideo/flihub/.mochaccino	project-list-01-filterable-table	/tmp/mocha-mini-mirror/Users/davidcruwys/dev/ad/flivideo/flihub/.mochaccino/designs/project-list-01-filterable-table/index.html	1774449395	Project List — Filterable Table 
m4mini	source	/tmp/mocha-mini-mirror/Users/davidcruwys/dev/ad/flivideo/flihub/.mochaccino	project-list-b-table-hover	/tmp/mocha-mini-mirror/Users/davidcruwys/dev/ad/flivideo/flihub/.mochaccino/designs/project-list-b-table-hover/index.html	1774450627	Project List — Table + Hover Card 
m4mini	source	/tmp/mocha-mini-mirror/Users/davidcruwys/dev/ad/flivideo/flihub/.mochaccino	sync-hub	/tmp/mocha-mini-mirror/Users/davidcruwys/dev/ad/flivideo/flihub/.mochaccino/designs/sync-hub/index.html	1774259732	Sync Hub — B044 Mockup 
m4mini	source	/tmp/mocha-mini-mirror/Users/davidcruwys/dev/ad/flivideo/flihub/.mochaccino	project-list-a-table-drawer	/tmp/mocha-mini-mirror/Users/davidcruwys/dev/ad/flivideo/flihub/.mochaccino/designs/project-list-a-table-drawer/index.html	1774450628	Mochaccino — project-list-a-table-drawer 
m4mini	source	/tmp/mocha-mini-mirror/Users/davidcruwys/dev/ad/flivideo/storyline-app/.mochaccino	boardroom-command	/tmp/mocha-mini-mirror/Users/davidcruwys/dev/ad/flivideo/storyline-app/.mochaccino/designs/boardroom-command/index.html	1776523785	Mochaccino — boardroom-command 
m4mini	source	/tmp/mocha-mini-mirror/Users/davidcruwys/dev/ad/flivideo/storyline-app/.mochaccino	boardroom-focus	/tmp/mocha-mini-mirror/Users/davidcruwys/dev/ad/flivideo/storyline-app/.mochaccino/designs/boardroom-focus/index.html	1776523722	Mochaccino — boardroom-focus 
m4mini	source	/tmp/mocha-mini-mirror/Users/davidcruwys/dev/ad/flivideo/storyline-app/.mochaccino	boardroom-cinema	/tmp/mocha-mini-mirror/Users/davidcruwys/dev/ad/flivideo/storyline-app/.mochaccino/designs/boardroom-cinema/index.html	1776523668	Mochaccino — boardroom-cinema 
m4mini	source	/tmp/mocha-mini-mirror/Users/davidcruwys/dev/ad/flivideo/storyline-app/.mochaccino	boardroom-classic	/tmp/mocha-mini-mirror/Users/davidcruwys/dev/ad/flivideo/storyline-app/.mochaccino/designs/boardroom-classic/index.html	1776523605	Mochaccino — boardroom-classic 
m4mini	source	/tmp/mocha-mini-mirror/Users/davidcruwys/dev/ad/flivideo/storyline-app/.mochaccino	boardroom-living-library	/tmp/mocha-mini-mirror/Users/davidcruwys/dev/ad/flivideo/storyline-app/.mochaccino/designs/boardroom-living-library/index.html	1776523859	Mochaccino — boardroom-living-library 
m4mini	source	/tmp/mocha-mini-mirror/Users/davidcruwys/dev/ad/flivideo/storyline-app/.mochaccino	boardroom-agent-seats	/tmp/mocha-mini-mirror/Users/davidcruwys/dev/ad/flivideo/storyline-app/.mochaccino/designs/boardroom-agent-seats/index.html	1776523928	Mochaccino — boardroom-agent-seats 
m4mini	source	/tmp/mocha-mini-mirror/Users/davidcruwys/dev/ad/flivideo/storyline-app/.mochaccino	boardroom-v7	/tmp/mocha-mini-mirror/Users/davidcruwys/dev/ad/flivideo/storyline-app/.mochaccino/designs/boardroom-v7/index.html	1776525075	Mochaccino — boardroom-v7 
m4mini	source	/tmp/mocha-mini-mirror/Users/davidcruwys/dev/ad/appydave.com/.mochaccino	layout-05	/tmp/mocha-mini-mirror/Users/davidcruwys/dev/ad/appydave.com/.mochaccino/designs/layout-05/index.html	1774449494	AppyDave — From Coder to Agentic OS 
m4mini	source	/tmp/mocha-mini-mirror/Users/davidcruwys/dev/ad/appydave.com/.mochaccino	layout-02	/tmp/mocha-mini-mirror/Users/davidcruwys/dev/ad/appydave.com/.mochaccino/designs/layout-02/index.html	1774449494	AppyDave — Warm Editorial 
m4mini	source	/tmp/mocha-mini-mirror/Users/davidcruwys/dev/ad/appydave.com/.mochaccino	layout-03	/tmp/mocha-mini-mirror/Users/davidcruwys/dev/ad/appydave.com/.mochaccino/designs/layout-03/index.html	1774449494	AppyDave — Sidebar Nav Minimalist 
m4mini	source	/tmp/mocha-mini-mirror/Users/davidcruwys/dev/ad/appydave.com/.mochaccino	layout-04	/tmp/mocha-mini-mirror/Users/davidcruwys/dev/ad/appydave.com/.mochaccino/designs/layout-04/index.html	1774449494	AppyDave — Split Dark/Cream 
m4mini	source	/tmp/mocha-mini-mirror/Users/davidcruwys/dev/ad/appydave.com/.mochaccino	layout-26	/tmp/mocha-mini-mirror/Users/davidcruwys/dev/ad/appydave.com/.mochaccino/designs/layout-26/index.html	1774450981	AppyDave — V6 Editorial Refined 
m4mini	source	/tmp/mocha-mini-mirror/Users/davidcruwys/dev/ad/appydave.com/.mochaccino	layout-21	/tmp/mocha-mini-mirror/Users/davidcruwys/dev/ad/appydave.com/.mochaccino/designs/layout-21/index.html	1774450971	AppyDave — V1 Editorial Magazine 
m4mini	source	/tmp/mocha-mini-mirror/Users/davidcruwys/dev/ad/appydave.com/.mochaccino	layout-28	/tmp/mocha-mini-mirror/Users/davidcruwys/dev/ad/appydave.com/.mochaccino/designs/layout-28/index.html	1774450981	AppyDave — V8 Bold Asymmetric 
m4mini	source	/tmp/mocha-mini-mirror/Users/davidcruwys/dev/ad/appydave.com/.mochaccino	layout-17	/tmp/mocha-mini-mirror/Users/davidcruwys/dev/ad/appydave.com/.mochaccino/designs/layout-17/index.html	1774449494	AppyDave — Layout 17 — Zine / Poster 
m4mini	source	/tmp/mocha-mini-mirror/Users/davidcruwys/dev/ad/appydave.com/.mochaccino	layout-11	/tmp/mocha-mini-mirror/Users/davidcruwys/dev/ad/appydave.com/.mochaccino/designs/layout-11/index.html	1774449494	AppyDave — Manifesto 
m4mini	source	/tmp/mocha-mini-mirror/Users/davidcruwys/dev/ad/appydave.com/.mochaccino	layout-29	/tmp/mocha-mini-mirror/Users/davidcruwys/dev/ad/appydave.com/.mochaccino/designs/layout-29/index.html	1774450981	AppyDave — V9 Warm Mosaic 
m4mini	source	/tmp/mocha-mini-mirror/Users/davidcruwys/dev/ad/appydave.com/.mochaccino	layout-16	/tmp/mocha-mini-mirror/Users/davidcruwys/dev/ad/appydave.com/.mochaccino/designs/layout-16/index.html	1774449494	AppyDave — Layout 16 — Ultra-Minimal 
m4mini	source	/tmp/mocha-mini-mirror/Users/davidcruwys/dev/ad/appydave.com/.mochaccino	homepage-builder	/tmp/mocha-mini-mirror/Users/davidcruwys/dev/ad/appydave.com/.mochaccino/designs/homepage-builder/index.html	1774515856	AppyDave — Homepage Builder 
m4mini	source	/tmp/mocha-mini-mirror/Users/davidcruwys/dev/ad/appydave.com/.mochaccino	layout-27	/tmp/mocha-mini-mirror/Users/davidcruwys/dev/ad/appydave.com/.mochaccino/designs/layout-27/index.html	1774450981	AppyDave — V7 Dark Premium 
m4mini	source	/tmp/mocha-mini-mirror/Users/davidcruwys/dev/ad/appydave.com/.mochaccino	layout-01	/tmp/mocha-mini-mirror/Users/davidcruwys/dev/ad/appydave.com/.mochaccino/designs/layout-01/index.html	1774449494	AppyDave — Dark Agentic OS 
m4mini	source	/tmp/mocha-mini-mirror/Users/davidcruwys/dev/ad/appydave.com/.mochaccino	layout-06	/tmp/mocha-mini-mirror/Users/davidcruwys/dev/ad/appydave.com/.mochaccino/designs/layout-06/index.html	1774449494	AppyDave — Brutalist Typography 
m4mini	source	/tmp/mocha-mini-mirror/Users/davidcruwys/dev/ad/appydave.com/.mochaccino	layout-30	/tmp/mocha-mini-mirror/Users/davidcruwys/dev/ad/appydave.com/.mochaccino/designs/layout-30/index.html	1774450981	AppyDave — V10 Cinematic Narrative 
m4mini	source	/tmp/mocha-mini-mirror/Users/davidcruwys/dev/ad/appydave.com/.mochaccino	layout-07	/tmp/mocha-mini-mirror/Users/davidcruwys/dev/ad/appydave.com/.mochaccino/designs/layout-07/index.html	1774449494	AppyDave — Swiss Grid 
m4mini	source	/tmp/mocha-mini-mirror/Users/davidcruwys/dev/ad/appydave.com/.mochaccino	layout-22	/tmp/mocha-mini-mirror/Users/davidcruwys/dev/ad/appydave.com/.mochaccino/designs/layout-22/index.html	1774450971	AppyDave — V2 Dark Immersive 
m4mini	source	/tmp/mocha-mini-mirror/Users/davidcruwys/dev/ad/appydave.com/.mochaccino	layout-25	/tmp/mocha-mini-mirror/Users/davidcruwys/dev/ad/appydave.com/.mochaccino/designs/layout-25/index.html	1774450981	AppyDave — V5 Storytelling Scroll 
m4mini	source	/tmp/mocha-mini-mirror/Users/davidcruwys/dev/ad/appydave.com/.mochaccino	layout-13	/tmp/mocha-mini-mirror/Users/davidcruwys/dev/ad/appydave.com/.mochaccino/designs/layout-13/index.html	1774449494	AppyDave — Creator Hub 
m4mini	source	/tmp/mocha-mini-mirror/Users/davidcruwys/dev/ad/appydave.com/.mochaccino	layout-14	/tmp/mocha-mini-mirror/Users/davidcruwys/dev/ad/appydave.com/.mochaccino/designs/layout-14/index.html	1774449494	AppyDave — Case Study / Proof 
m4mini	source	/tmp/mocha-mini-mirror/Users/davidcruwys/dev/ad/appydave.com/.mochaccino	layout-15	/tmp/mocha-mini-mirror/Users/davidcruwys/dev/ad/appydave.com/.mochaccino/designs/layout-15/index.html	1774449494	AppyDave — Layout 15 — Single-Scroll Narrative 
m4mini	source	/tmp/mocha-mini-mirror/Users/davidcruwys/dev/ad/appydave.com/.mochaccino	layout-12	/tmp/mocha-mini-mirror/Users/davidcruwys/dev/ad/appydave.com/.mochaccino/designs/layout-12/index.html	1774449494	AppyDave — Dashboard 
m4mini	source	/tmp/mocha-mini-mirror/Users/davidcruwys/dev/ad/appydave.com/.mochaccino	layout-24	/tmp/mocha-mini-mirror/Users/davidcruwys/dev/ad/appydave.com/.mochaccino/designs/layout-24/index.html	1774450971	AppyDave — V4 Card Mosaic 
m4mini	source	/tmp/mocha-mini-mirror/Users/davidcruwys/dev/ad/appydave.com/.mochaccino	layout-23	/tmp/mocha-mini-mirror/Users/davidcruwys/dev/ad/appydave.com/.mochaccino/designs/layout-23/index.html	1774450971	AppyDave — V3 Split Panel 
m4mini	source	/tmp/mocha-mini-mirror/Users/davidcruwys/dev/ad/appydave.com/.mochaccino	homepage-community	/tmp/mocha-mini-mirror/Users/davidcruwys/dev/ad/appydave.com/.mochaccino/designs/homepage-community/index.html	1774515876	AppyDave — Community 
m4mini	source	/tmp/mocha-mini-mirror/Users/davidcruwys/dev/ad/appydave.com/.mochaccino	homepage-authority	/tmp/mocha-mini-mirror/Users/davidcruwys/dev/ad/appydave.com/.mochaccino/designs/homepage-authority/index.html	1774515800	AppyDave — Homepage Authority 
m4mini	source	/tmp/mocha-mini-mirror/Users/davidcruwys/dev/ad/apps/angeleye/.mochaccino	chain-story-pipeline	/tmp/mocha-mini-mirror/Users/davidcruwys/dev/ad/apps/angeleye/.mochaccino/designs/chain-story-pipeline/index.html	1774707111	Chain Story Pipeline — Mochaccino 
m4mini	source	/tmp/mocha-mini-mirror/Users/davidcruwys/dev/ad/apps/angeleye/.mochaccino	named-rows-v3-columns	/tmp/mocha-mini-mirror/Users/davidcruwys/dev/ad/apps/angeleye/.mochaccino/designs/named-rows-v3-columns/index.html	1774442320	Named Rows v3: Columns — Mochaccino 
m4mini	source	/tmp/mocha-mini-mirror/Users/davidcruwys/dev/ad/apps/angeleye/.mochaccino	chat-panel-a	/tmp/mocha-mini-mirror/Users/davidcruwys/dev/ad/apps/angeleye/.mochaccino/designs/chat-panel-a/index.html	1774317788	Mochaccino — chat-panel-a (Dual Position) 
m4mini	source	/tmp/mocha-mini-mirror/Users/davidcruwys/dev/ad/apps/angeleye/.mochaccino	chain-session-detail	/tmp/mocha-mini-mirror/Users/davidcruwys/dev/ad/apps/angeleye/.mochaccino/designs/chain-session-detail/index.html	1774663958	Chain Session Detail — Mochaccino 
m4mini	source	/tmp/mocha-mini-mirror/Users/davidcruwys/dev/ad/apps/angeleye/.mochaccino	named-rows-v5-aligned	/tmp/mocha-mini-mirror/Users/davidcruwys/dev/ad/apps/angeleye/.mochaccino/designs/named-rows-v5-aligned/index.html	1774663958	Named Rows v5: Aligned — Mochaccino 
m4mini	source	/tmp/mocha-mini-mirror/Users/davidcruwys/dev/ad/apps/angeleye/.mochaccino	sync-ux-b	/tmp/mocha-mini-mirror/Users/davidcruwys/dev/ad/apps/angeleye/.mochaccino/designs/sync-ux-b/index.html	1774451833	Sync UX B: Stacked Bar Delta — Mochaccino 
m4mini	source	/tmp/mocha-mini-mirror/Users/davidcruwys/dev/ad/apps/angeleye/.mochaccino	sync-ux-e	/tmp/mocha-mini-mirror/Users/davidcruwys/dev/ad/apps/angeleye/.mochaccino/designs/sync-ux-e/index.html	1774663958	Sync UX E: Narrative Summary — Mochaccino 
m4mini	source	/tmp/mocha-mini-mirror/Users/davidcruwys/dev/ad/apps/angeleye/.mochaccino	classification-status	/tmp/mocha-mini-mirror/Users/davidcruwys/dev/ad/apps/angeleye/.mochaccino/designs/classification-status/index.html	1778037311	AngelEye — Classification Status 
m4mini	source	/tmp/mocha-mini-mirror/Users/davidcruwys/dev/ad/apps/angeleye/.mochaccino	sync-ux-d	/tmp/mocha-mini-mirror/Users/davidcruwys/dev/ad/apps/angeleye/.mochaccino/designs/sync-ux-d/index.html	1774451833	Sync UX D: Inline Diff Table — Mochaccino 
m4mini	source	/tmp/mocha-mini-mirror/Users/davidcruwys/dev/ad/apps/angeleye/.mochaccino	sync-ux-c	/tmp/mocha-mini-mirror/Users/davidcruwys/dev/ad/apps/angeleye/.mochaccino/designs/sync-ux-c/index.html	1774451833	Sync UX C: Compact Toast — Mochaccino 
m4mini	source	/tmp/mocha-mini-mirror/Users/davidcruwys/dev/ad/apps/angeleye/.mochaccino	settings-unified	/tmp/mocha-mini-mirror/Users/davidcruwys/dev/ad/apps/angeleye/.mochaccino/designs/settings-unified/index.html	1774792458	AngelEye — Settings: Session Management 
m4mini	source	/tmp/mocha-mini-mirror/Users/davidcruwys/dev/ad/apps/angeleye/.mochaccino	story-walkthrough	/tmp/mocha-mini-mirror/Users/davidcruwys/dev/ad/apps/angeleye/.mochaccino/designs/story-walkthrough/index.html	1774663958	AngelEye — Story Walkthrough 
m4mini	source	/tmp/mocha-mini-mirror/Users/davidcruwys/dev/ad/apps/angeleye/.mochaccino	wave-audit-panel	/tmp/mocha-mini-mirror/Users/davidcruwys/dev/ad/apps/angeleye/.mochaccino/designs/wave-audit-panel/index.html	1774707111	AngelEye — Wave Audit Panel — Mochaccino 
m4mini	source	/tmp/mocha-mini-mirror/Users/davidcruwys/dev/ad/apps/angeleye/.mochaccino	chat-panel	/tmp/mocha-mini-mirror/Users/davidcruwys/dev/ad/apps/angeleye/.mochaccino/designs/chat-panel/index.html	1774314785	AngelEye — Observer + Chat Panel 
m4mini	source	/tmp/mocha-mini-mirror/Users/davidcruwys/dev/ad/apps/angeleye/.mochaccino	wave-three-panel	/tmp/mocha-mini-mirror/Users/davidcruwys/dev/ad/apps/angeleye/.mochaccino/designs/wave-three-panel/index.html	1774707111	AngelEye — Wave Three-Panel — Mochaccino 
m4mini	source	/tmp/mocha-mini-mirror/Users/davidcruwys/dev/ad/apps/angeleye/.mochaccino	data-schema	/tmp/mocha-mini-mirror/Users/davidcruwys/dev/ad/apps/angeleye/.mochaccino/designs/data-schema/index.html	1778037311	AngelEye — Data Schema 
m4mini	source	/tmp/mocha-mini-mirror/Users/davidcruwys/dev/ad/apps/angeleye/.mochaccino	reference-landscape	/tmp/mocha-mini-mirror/Users/davidcruwys/dev/ad/apps/angeleye/.mochaccino/designs/reference-landscape/index.html	1774663958	Reference Landscape — AngelEye 
m4mini	source	/tmp/mocha-mini-mirror/Users/davidcruwys/dev/ad/apps/angeleye/.mochaccino	named-rows-v2-tight	/tmp/mocha-mini-mirror/Users/davidcruwys/dev/ad/apps/angeleye/.mochaccino/designs/named-rows-v2-tight/index.html	1774442230	Named Rows v2: Tight — Mochaccino 
m4mini	source	/tmp/mocha-mini-mirror/Users/davidcruwys/dev/ad/apps/angeleye/.mochaccino	wave-subagents	/tmp/mocha-mini-mirror/Users/davidcruwys/dev/ad/apps/angeleye/.mochaccino/designs/wave-subagents/index.html	1774707111	AngelEye — Wave Sub-Agents — Mochaccino 
m4mini	source	/tmp/mocha-mini-mirror/Users/davidcruwys/dev/ad/apps/angeleye/.mochaccino	named-session-rows	/tmp/mocha-mini-mirror/Users/davidcruwys/dev/ad/apps/angeleye/.mochaccino/designs/named-session-rows/index.html	1774432014	Named Session Rows — Mochaccino 
m4mini	source	/tmp/mocha-mini-mirror/Users/davidcruwys/dev/ad/apps/angeleye/.mochaccino	wave-sprint-board	/tmp/mocha-mini-mirror/Users/davidcruwys/dev/ad/apps/angeleye/.mochaccino/designs/wave-sprint-board/index.html	1774707111	AngelEye — Wave Sprint Board — Mochaccino 
m4mini	source	/tmp/mocha-mini-mirror/Users/davidcruwys/dev/ad/apps/angeleye/.mochaccino	chat-panel-b	/tmp/mocha-mini-mirror/Users/davidcruwys/dev/ad/apps/angeleye/.mochaccino/designs/chat-panel-b/index.html	1774317882	AngelEye — Observer + Fixed Position Panel (B) 
m4mini	source	/tmp/mocha-mini-mirror/Users/davidcruwys/dev/ad/apps/angeleye/.mochaccino	chain-sprint-board	/tmp/mocha-mini-mirror/Users/davidcruwys/dev/ad/apps/angeleye/.mochaccino/designs/chain-sprint-board/index.html	1774663958	AngelEye — Sprint Board — Mochaccino 
m4mini	source	/tmp/mocha-mini-mirror/Users/davidcruwys/dev/ad/apps/angeleye/.mochaccino	wave-handover	/tmp/mocha-mini-mirror/Users/davidcruwys/dev/ad/apps/angeleye/.mochaccino/designs/wave-handover/index.html	1774707111	AngelEye — Wave Handover — Mochaccino 
m4mini	source	/tmp/mocha-mini-mirror/Users/davidcruwys/dev/ad/apps/angeleye/.mochaccino	logo-variations	/tmp/mocha-mini-mirror/Users/davidcruwys/dev/ad/apps/angeleye/.mochaccino/designs/logo-variations/index.html	1774663958	AngelEye Logo Variations — Mochaccino 
m4mini	source	/tmp/mocha-mini-mirror/Users/davidcruwys/dev/ad/apps/angeleye/.mochaccino	settings-unified-b	/tmp/mocha-mini-mirror/Users/davidcruwys/dev/ad/apps/angeleye/.mochaccino/designs/settings-unified-b/index.html	1774793286	AngelEye — Settings: Session Sync (Accordion) 
m4mini	source	/tmp/mocha-mini-mirror/Users/davidcruwys/dev/ad/apps/angeleye/.mochaccino	sync-ux-a	/tmp/mocha-mini-mirror/Users/davidcruwys/dev/ad/apps/angeleye/.mochaccino/designs/sync-ux-a/index.html	1774451833	Sync UX A: Changelog Feed — Mochaccino 
m4mini	source	/tmp/mocha-mini-mirror/Users/davidcruwys/dev/ad/apps/angeleye/.mochaccino	wave-infographic	/tmp/mocha-mini-mirror/Users/davidcruwys/dev/ad/apps/angeleye/.mochaccino/designs/wave-infographic/index.html	1774707111	AngelEye — Wave Visualization Design System 
m4mini	source	/tmp/mocha-mini-mirror/Users/davidcruwys/dev/ad/apps/angeleye/.mochaccino	settings-unified-c	/tmp/mocha-mini-mirror/Users/davidcruwys/dev/ad/apps/angeleye/.mochaccino/designs/settings-unified-c/index.html	1774793268	AngelEye — Settings: Dashboard Grid 
m4mini	source	/tmp/mocha-mini-mirror/Users/davidcruwys/dev/ad/apps/angeleye/.mochaccino	campaign-infographic-hybrid	/tmp/mocha-mini-mirror/Users/davidcruwys/dev/ad/apps/angeleye/.mochaccino/designs/campaign-infographic-hybrid/index.html	1774781097	AngelEye — Hybrid Campaign Infographic 
m4mini	source	/tmp/mocha-mini-mirror/Users/davidcruwys/dev/ad/apps/angeleye/.mochaccino	chat-panel-refined	/tmp/mocha-mini-mirror/Users/davidcruwys/dev/ad/apps/angeleye/.mochaccino/designs/chat-panel-refined/index.html	1774663958	AngelEye — Chat Panel Refined 
m4mini	source	/tmp/mocha-mini-mirror/Users/davidcruwys/dev/ad/apps/angeleye/.mochaccino	analytics-dashboard	/tmp/mocha-mini-mirror/Users/davidcruwys/dev/ad/apps/angeleye/.mochaccino/designs/analytics-dashboard/index.html	1774792496	AngelEye — Analytics Dashboard 
m4mini	source	/tmp/mocha-mini-mirror/Users/davidcruwys/dev/ad/apps/angeleye/.mochaccino	wave-bar	/tmp/mocha-mini-mirror/Users/davidcruwys/dev/ad/apps/angeleye/.mochaccino/designs/wave-bar/index.html	1774707111	AngelEye — Wave Bar — Mochaccino 
m4mini	source	/tmp/mocha-mini-mirror/Users/davidcruwys/dev/ad/apps/angeleye/.mochaccino	campaign-dashboard-hybrid	/tmp/mocha-mini-mirror/Users/davidcruwys/dev/ad/apps/angeleye/.mochaccino/designs/campaign-dashboard-hybrid/index.html	1774781880	AngelEye Campaign Dashboard — Hybrid View 
m4mini	source	/tmp/mocha-mini-mirror/Users/davidcruwys/dev/ad/apps/angeleye/.mochaccino	named-rows-options	/tmp/mocha-mini-mirror/Users/davidcruwys/dev/ad/apps/angeleye/.mochaccino/designs/named-rows-options/index.html	1774442824	Named Row Options — Mochaccino 
m4mini	source	/tmp/mocha-mini-mirror/Users/davidcruwys/dev/ad/apps/angeleye/.mochaccino	named-rows-v4-linen-evolved	/tmp/mocha-mini-mirror/Users/davidcruwys/dev/ad/apps/angeleye/.mochaccino/designs/named-rows-v4-linen-evolved/index.html	1774442399	Named Rows v4: Linen Evolved — Mochaccino 
m4mini	source	/tmp/mocha-mini-mirror/Users/davidcruwys/dev/ad/apps/dark-factory/mochaccino	07-workflow-flows	/tmp/mocha-mini-mirror/Users/davidcruwys/dev/ad/apps/dark-factory/mochaccino/designs/07-workflow-flows/index.html	1779759524	Dark Factory — The Four Workflows (Flow Diagrams) 
m4mini	source	/tmp/mocha-mini-mirror/Users/davidcruwys/dev/ad/apps/dark-factory/mochaccino	04-blackboard-overview	/tmp/mocha-mini-mirror/Users/davidcruwys/dev/ad/apps/dark-factory/mochaccino/designs/04-blackboard-overview/index.html	1779759588	Dark Factory — Blackboard Pattern Overview 
m4mini	source	/tmp/mocha-mini-mirror/Users/davidcruwys/dev/ad/apps/dark-factory/mochaccino	05-probe-progression	/tmp/mocha-mini-mirror/Users/davidcruwys/dev/ad/apps/dark-factory/mochaccino/designs/05-probe-progression/index.html	1779759689	Dark Factory — Probe Progression 
m4mini	source	/tmp/mocha-mini-mirror/Users/davidcruwys/dev/ad/apps/dark-factory/mochaccino	03-triage-console	/tmp/mocha-mini-mirror/Users/davidcruwys/dev/ad/apps/dark-factory/mochaccino/designs/03-triage-console/index.html	1779759524	Dark Factory — Triage Console 
m4mini	source	/tmp/mocha-mini-mirror/Users/davidcruwys/dev/ad/apps/dark-factory/mochaccino	09-census-progress	/tmp/mocha-mini-mirror/Users/davidcruwys/dev/ad/apps/dark-factory/mochaccino/designs/09-census-progress/index.html	1779931163	Dark Factory — Census Progress 
m4mini	source	/tmp/mocha-mini-mirror/Users/davidcruwys/dev/ad/apps/dark-factory/mochaccino	06-blackboard-vs-poem	/tmp/mocha-mini-mirror/Users/davidcruwys/dev/ad/apps/dark-factory/mochaccino/designs/06-blackboard-vs-poem/index.html	1779759524	Dark Factory — Blackboard vs POEM vs prompt.supportsignal 
m4mini	source	/tmp/mocha-mini-mirror/Users/davidcruwys/dev/ad/apps/dark-factory/mochaccino	08-poem-consolidation	/tmp/mocha-mini-mirror/Users/davidcruwys/dev/ad/apps/dark-factory/mochaccino/designs/08-poem-consolidation/index.html	1779759524	Dark Factory — POEM Consolidation Decision Board 
m4mini	source	/tmp/mocha-mini-mirror/Users/davidcruwys/dev/ad/apps/dark-factory/mochaccino	01-pipeline-overview	/tmp/mocha-mini-mirror/Users/davidcruwys/dev/ad/apps/dark-factory/mochaccino/designs/01-pipeline-overview/index.html	1779759524	Dark Factory — Pipeline Overview 
m4mini	source	/tmp/mocha-mini-mirror/Users/davidcruwys/dev/ad/apps/dark-factory/mochaccino	02-mining-view	/tmp/mocha-mini-mirror/Users/davidcruwys/dev/ad/apps/dark-factory/mochaccino/designs/02-mining-view/index.html	1779759524	Dark Factory — Mining View 
m4mini	source	/tmp/mocha-mini-mirror/Users/davidcruwys/dev/ad/apps/appyradar/.mochaccino	what-needs-attention	/tmp/mocha-mini-mirror/Users/davidcruwys/dev/ad/apps/appyradar/.mochaccino/designs/what-needs-attention/index.html	1775660690	AppyRadar — What Needs Attention 
m4mini	source	/tmp/mocha-mini-mirror/Users/davidcruwys/dev/ad/apps/appyradar/.mochaccino	command-center	/tmp/mocha-mini-mirror/Users/davidcruwys/dev/ad/apps/appyradar/.mochaccino/designs/command-center/index.html	1775660866	AppyRadar — Command Center 
m4mini	source	/tmp/mocha-mini-mirror/Users/davidcruwys/dev/ad/apps/appyradar/.mochaccino	macbook-pro-profile	/tmp/mocha-mini-mirror/Users/davidcruwys/dev/ad/apps/appyradar/.mochaccino/designs/macbook-pro-profile/index.html	1775660839	AppyRadar — MacBook Pro Profile 
m4mini	source	/tmp/mocha-mini-mirror/Users/davidcruwys/dev/ad/apps/appyradar/.mochaccino	morning-briefing	/tmp/mocha-mini-mirror/Users/davidcruwys/dev/ad/apps/appyradar/.mochaccino/designs/morning-briefing/index.html	1775660631	AppyRadar — Morning Briefing 
m4mini	source	/tmp/mocha-mini-mirror/Users/davidcruwys/dev/ad/apps/appyradar/.mochaccino	fleet-alerts	/tmp/mocha-mini-mirror/Users/davidcruwys/dev/ad/apps/appyradar/.mochaccino/designs/fleet-alerts/index.html	1775661069	AppyRadar — Fleet Alerts 
m4mini	source	/tmp/mocha-mini-mirror/Users/davidcruwys/dev/ad/apps/appyradar/.mochaccino	flivideo-suite	/tmp/mocha-mini-mirror/Users/davidcruwys/dev/ad/apps/appyradar/.mochaccino/designs/flivideo-suite/index.html	1775660639	AppyRadar — FliVideo Suite 
m4mini	source	/tmp/mocha-mini-mirror/Users/davidcruwys/dev/ad/apps/appyradar/.mochaccino	omi-monthly	/tmp/mocha-mini-mirror/Users/davidcruwys/dev/ad/apps/appyradar/.mochaccino/designs/omi-monthly/index.html	1775660590	AppyRadar — OMI Monthly 
m4mini	source	/tmp/mocha-mini-mirror/Users/davidcruwys/dev/ad/apps/appyradar/.mochaccino	brain-health	/tmp/mocha-mini-mirror/Users/davidcruwys/dev/ad/apps/appyradar/.mochaccino/designs/brain-health/index.html	1775660646	AppyRadar — Brain Health 
m4mini	source	/tmp/mocha-mini-mirror/Users/davidcruwys/dev/ad/apps/appyradar/.mochaccino	m2-profile	/tmp/mocha-mini-mirror/Users/davidcruwys/dev/ad/apps/appyradar/.mochaccino/designs/m2-profile/index.html	1775661012	AppyRadar — Mac Mini M2 Profile 
m4mini	source	/tmp/mocha-mini-mirror/Users/davidcruwys/dev/ad/apps/appyradar/.mochaccino	m4-deep-dive	/tmp/mocha-mini-mirror/Users/davidcruwys/dev/ad/apps/appyradar/.mochaccino/designs/m4-deep-dive/index.html	1775660647	AppyRadar — M4 Deep Dive 
m4mini	source	/tmp/mocha-mini-mirror/Users/davidcruwys/dev/ad/apps/appyradar/.mochaccino	fleet-command	/tmp/mocha-mini-mirror/Users/davidcruwys/dev/ad/apps/appyradar/.mochaccino/designs/fleet-command/index.html	1775658958	AppyRadar — Fleet Command 
m4mini	source	/tmp/mocha-mini-mirror/Users/davidcruwys/dev/ad/apps/appyradar/.mochaccino	ai-activity	/tmp/mocha-mini-mirror/Users/davidcruwys/dev/ad/apps/appyradar/.mochaccino/designs/ai-activity/index.html	1775660454	AppyRadar — AI Activity 
m4mini	source	/tmp/mocha-mini-mirror/Users/davidcruwys/dev/ad/apps/appyradar/.mochaccino	brew-outdated	/tmp/mocha-mini-mirror/Users/davidcruwys/dev/ad/apps/appyradar/.mochaccino/designs/brew-outdated/index.html	1775660584	AppyRadar — Brew Outdated 
m4mini	source	/tmp/mocha-mini-mirror/Users/davidcruwys/dev/ad/apps/appyradar/.mochaccino	angeleye-fleet	/tmp/mocha-mini-mirror/Users/davidcruwys/dev/ad/apps/appyradar/.mochaccino/designs/angeleye-fleet/index.html	1775660515	AppyRadar — AngelEye Fleet 
m4mini	source	/tmp/mocha-mini-mirror/Users/davidcruwys/dev/ad/apps/appyradar/.mochaccino	disk-archaeology	/tmp/mocha-mini-mirror/Users/davidcruwys/dev/ad/apps/appyradar/.mochaccino/designs/disk-archaeology/index.html	1775660671	AppyRadar — Disk Archaeology 
m4mini	source	/tmp/mocha-mini-mirror/Users/davidcruwys/dev/ad/apps/appyradar/.mochaccino	claude-versions	/tmp/mocha-mini-mirror/Users/davidcruwys/dev/ad/apps/appyradar/.mochaccino/designs/claude-versions/index.html	1775660588	AppyRadar — Claude Versions 
m4mini	source	/tmp/mocha-mini-mirror/Users/davidcruwys/dev/ad/apps/appyradar/.mochaccino	uptime-comparison	/tmp/mocha-mini-mirror/Users/davidcruwys/dev/ad/apps/appyradar/.mochaccino/designs/uptime-comparison/index.html	1775660703	AppyRadar — Uptime Comparison 
m4mini	source	/tmp/mocha-mini-mirror/Users/davidcruwys/dev/ad/apps/appyradar/.mochaccino	brain-activity	/tmp/mocha-mini-mirror/Users/davidcruwys/dev/ad/apps/appyradar/.mochaccino/designs/brain-activity/index.html	1775660695	AppyRadar — Brain Activity 
m4mini	source	/tmp/mocha-mini-mirror/Users/davidcruwys/dev/ad/apps/appyradar/.mochaccino	app-status-grid	/tmp/mocha-mini-mirror/Users/davidcruwys/dev/ad/apps/appyradar/.mochaccino/designs/app-status-grid/index.html	1775660530	AppyRadar — App Status Grid 
m4mini	source	/tmp/mocha-mini-mirror/Users/davidcruwys/dev/ad/apps/appyradar/.mochaccino	omi-pipeline	/tmp/mocha-mini-mirror/Users/davidcruwys/dev/ad/apps/appyradar/.mochaccino/designs/omi-pipeline/index.html	1775660658	AppyRadar — OMI Pipeline 
m4mini	source	/tmp/mocha-mini-mirror/Users/davidcruwys/dev/ad/apps/appyradar/.mochaccino	running-now	/tmp/mocha-mini-mirror/Users/davidcruwys/dev/ad/apps/appyradar/.mochaccino/designs/running-now/index.html	1775660584	AppyRadar — Running Now 
m4mini	source	/tmp/mocha-mini-mirror/Users/davidcruwys/dev/ad/apps/appyradar/.mochaccino	memory-crisis	/tmp/mocha-mini-mirror/Users/davidcruwys/dev/ad/apps/appyradar/.mochaccino/designs/memory-crisis/index.html	1775660483	AppyRadar — Memory Crisis 
m4mini	source	/tmp/mocha-mini-mirror/Users/davidcruwys/dev/ad/apps/appyradar/.mochaccino	tools-matrix	/tmp/mocha-mini-mirror/Users/davidcruwys/dev/ad/apps/appyradar/.mochaccino/designs/tools-matrix/index.html	1775660765	AppyRadar — Tools Matrix 
m4mini	source	/tmp/mocha-mini-mirror/Users/davidcruwys/dev/ad/apps/appyradar/.mochaccino	disk-drives	/tmp/mocha-mini-mirror/Users/davidcruwys/dev/ad/apps/appyradar/.mochaccino/designs/disk-drives/index.html	1775660772	AppyRadar — Disk Drives 
m4mini	source	/tmp/mocha-mini-mirror/Users/davidcruwys/dev/ad/apps/appyradar/.mochaccino	relay-status	/tmp/mocha-mini-mirror/Users/davidcruwys/dev/ad/apps/appyradar/.mochaccino/designs/relay-status/index.html	1775660714	AppyRadar — Relay Status 
m4mini	source	/tmp/mocha-mini-mirror/Users/davidcruwys/dev/app-ideas/.screentour/.mochaccino	01-screentour-gallery	/tmp/mocha-mini-mirror/Users/davidcruwys/dev/app-ideas/.screentour/.mochaccino/designs/01-screentour-gallery/index.html	1777683681	ScreenTour Gallery — FliHub 
